Ort,endpunkt,url
Ort der Macht,Ort_der_Macht,https://hexer.fandom.com/wiki/Ort_der_Macht
Weißgarten,Weissgarten,https://hexer.fandom.com/wiki/Weissgarten
Tir ná Lia,Tir_na_Lia,https://hexer.fandom.com/wiki/Tir_na_Lia
Skellige,Skellige,https://hexer.fandom.com/wiki/Skellige
Kaer Morhen,Kaer_Morhen,https://hexer.fandom.com/wiki/Kaer_Morhen
Nowigrad,Nowigrad,https://hexer.fandom.com/wiki/Nowigrad
Sandort,Sandort,https://hexer.fandom.com/wiki/Sandort
Passiflora,Passiflora,https://hexer.fandom.com/wiki/Passiflora
The Witcher 3 Orte,The_Witcher_3_Orte,https://hexer.fandom.com/wiki/The_Witcher_3_Orte
Auf den Spuren des Heiligen Majoran,Auf_den_Spuren_des_Heiligen_Majoran,https://hexer.fandom.com/wiki/Auf_den_Spuren_des_Heiligen_Majoran
Banditenlager,Banditenlager,https://hexer.fandom.com/wiki/Banditenlager
Bewachter Schatz,Bewachter_Schatz,https://hexer.fandom.com/wiki/Bewachter_Schatz
Lager,Lager,https://hexer.fandom.com/wiki/Lager
Monsterlager,Monsterlager,https://hexer.fandom.com/wiki/Monsterlager
Schmugglerversteck,Schmugglerversteck,https://hexer.fandom.com/wiki/Schmugglerversteck
Versteckter Schatz,Versteckter_Schatz,https://hexer.fandom.com/wiki/Versteckter_Schatz
Aardeklove,Aardeklove,https://hexer.fandom.com/wiki/Aardeklove
Abgelegene Hütte,Abgelegene_Huette,https://hexer.fandom.com/wiki/Abgelegene_Huette
Der Abstieg,Der_Abstieg,https://hexer.fandom.com/wiki/Der_Abstieg
Abzweigung,Abzweigung,https://hexer.fandom.com/wiki/Abzweigung
Kellerei Viper & Juwelen,Kellerei_Viper_&_Juwelen,https://hexer.fandom.com/wiki/Kellerei_Viper_&_Juwelen
Aeramas' Laden,Aeramas'_Laden,https://hexer.fandom.com/wiki/Aeramas'_Laden
Aeramas' verlassenes Anwesen,Aeramas'_verlassenes_Anwesen,https://hexer.fandom.com/wiki/Aeramas'_verlassenes_Anwesen
Akademie Oxenfurt,Akademie_Oxenfurt,https://hexer.fandom.com/wiki/Akademie_Oxenfurt
Albertus' Grotte,Albertus'_Grotte,https://hexer.fandom.com/wiki/Albertus'_Grotte
Die Alchemie,Die_Alchemie,https://hexer.fandom.com/wiki/Die_Alchemie
Alness,Alness,https://hexer.fandom.com/wiki/Alness
Alte Eiche,Alte_Eiche,https://hexer.fandom.com/wiki/Alte_Eiche
Alte Gruft,Alte_Gruft,https://hexer.fandom.com/wiki/Alte_Gruft
Alte Kapelle,Alte_Kapelle,https://hexer.fandom.com/wiki/Alte_Kapelle
Alte Mühle (The Witcher 3),Alte_Muehle_(The_Witcher_3),https://hexer.fandom.com/wiki/Alte_Muehle_(The_Witcher_3)
Alter Garten,Alter_Garten,https://hexer.fandom.com/wiki/Alter_Garten
Alter Signalturm,Alter_Signalturm,https://hexer.fandom.com/wiki/Alter_Signalturm
Alter Wachturm,Alter_Wachturm,https://hexer.fandom.com/wiki/Alter_Wachturm
An Skellig,An_Skellig,https://hexer.fandom.com/wiki/An_Skellig
Anwesen der Herrin Orianna,Anwesen_der_Herrin_Orianna,https://hexer.fandom.com/wiki/Anwesen_der_Herrin_Orianna
Anwesen der Vegelbuds,Anwesen_der_Vegelbuds,https://hexer.fandom.com/wiki/Anwesen_der_Vegelbuds
Ard Skellig,Ard_Skellig,https://hexer.fandom.com/wiki/Ard_Skellig
Ardaiso-Steinbruch,Ardaiso-Steinbruch,https://hexer.fandom.com/wiki/Ardaiso-Steinbruch
Arena von Hurensohn Junior,Arena_von_Hurensohn_Junior,https://hexer.fandom.com/wiki/Arena_von_Hurensohn_Junior
Arette,Arette,https://hexer.fandom.com/wiki/Arette
Arinbjorn,Arinbjorn,https://hexer.fandom.com/wiki/Arinbjorn
Atropos,Atropos,https://hexer.fandom.com/wiki/Atropos
Aubrebis-Teich,Aubrebis-Teich,https://hexer.fandom.com/wiki/Aubrebis-Teich
Auktionshaus der Gebrüder Borsody,Auktionshaus_der_Gebrueder_Borsody,https://hexer.fandom.com/wiki/Auktionshaus_der_Gebrueder_Borsody
Außenposten von Drachenmulde,Aussenposten_von_Drachenmulde,https://hexer.fandom.com/wiki/Aussenposten_von_Drachenmulde
Badehaus,Badehaus,https://hexer.fandom.com/wiki/Badehaus
Banditenlager (Schnellreisepunkt),Banditenlager_(Schnellreisepunkt),https://hexer.fandom.com/wiki/Banditenlager_(Schnellreisepunkt)
Basane-Hof,Basane-Hof,https://hexer.fandom.com/wiki/Basane-Hof
Bastion,Bastion,https://hexer.fandom.com/wiki/Bastion
Beauclair,Beauclair,https://hexer.fandom.com/wiki/Beauclair
Belgaard-Anwesen,Belgaard-Anwesen,https://hexer.fandom.com/wiki/Belgaard-Anwesen
Belgaard-Weingut,Belgaard-Weingut,https://hexer.fandom.com/wiki/Belgaard-Weingut
Benkelheim,Benkelheim,https://hexer.fandom.com/wiki/Benkelheim
Berg von Kaer Trolde,Berg_von_Kaer_Trolde,https://hexer.fandom.com/wiki/Berg_von_Kaer_Trolde
Bibliothek (Kaer Morhen),Bibliothek_(Kaer_Morhen),https://hexer.fandom.com/wiki/Bibliothek_(Kaer_Morhen)
Blandare,Blandare,https://hexer.fandom.com/wiki/Blandare
Blessure-Wald,Blessure-Wald,https://hexer.fandom.com/wiki/Blessure-Wald
Blutgrube,Blutgrube,https://hexer.fandom.com/wiki/Blutgrube
Böttcherhang,Boettcherhang,https://hexer.fandom.com/wiki/Boettcherhang
Bogendorf,Bogendorf,https://hexer.fandom.com/wiki/Bogendorf
Boxholm,Boxholm,https://hexer.fandom.com/wiki/Boxholm
Brennerei,Brennerei,https://hexer.fandom.com/wiki/Brennerei
Brunwich,Brunwich,https://hexer.fandom.com/wiki/Brunwich
Bucht der Winde,Bucht_der_Winde,https://hexer.fandom.com/wiki/Bucht_der_Winde
Buckelsumpf,Buckelsumpf,https://hexer.fandom.com/wiki/Buckelsumpf
Büro des Prokurators von Toussaint,Buero_des_Prokurators_von_Toussaint,https://hexer.fandom.com/wiki/Buero_des_Prokurators_von_Toussaint
Burg Drahim,Burg_Drahim,https://hexer.fandom.com/wiki/Burg_Drahim
Burg Dun Tynne,Burg_Dun_Tynne,https://hexer.fandom.com/wiki/Burg_Dun_Tynne
Burg Mont Crane,Burg_Mont_Crane,https://hexer.fandom.com/wiki/Burg_Mont_Crane
Burg Tuirseach,Burg_Tuirseach,https://hexer.fandom.com/wiki/Burg_Tuirseach
Burg Zuetzer,Burg_Zuetzer,https://hexer.fandom.com/wiki/Burg_Zuetzer
Caerstuen,Caerstuen,https://hexer.fandom.com/wiki/Caerstuen
Calveit-Wachturm,Calveit-Wachturm,https://hexer.fandom.com/wiki/Calveit-Wachturm
Caroberta-Wald,Caroberta-Wald,https://hexer.fandom.com/wiki/Caroberta-Wald
Casteldaccia,Casteldaccia,https://hexer.fandom.com/wiki/Casteldaccia
Castell Ravello,Castell_Ravello,https://hexer.fandom.com/wiki/Castell_Ravello
Champs Désolés,Champs_Desoles,https://hexer.fandom.com/wiki/Champs_Desoles
Chamäleon,Chamaeleon,https://hexer.fandom.com/wiki/Chamaeleon
Château Fraîche,Chateau_Fraiche,https://hexer.fandom.com/wiki/Chateau_Fraiche
Château Sarrasin,Chateau_Sarrasin,https://hexer.fandom.com/wiki/Chateau_Sarrasin
Chuchote-Höhle,Chuchote-Hoehle,https://hexer.fandom.com/wiki/Chuchote-Hoehle
Cianfanelli-Bank,Cianfanelli-Bank,https://hexer.fandom.com/wiki/Cianfanelli-Bank
Coronata,Coronata,https://hexer.fandom.com/wiki/Coronata
Corvo Bianco,Corvo_Bianco,https://hexer.fandom.com/wiki/Corvo_Bianco
Corvo Bianco - Gewächshaus,Corvo_Bianco_-_Gewaechshaus,https://hexer.fandom.com/wiki/Corvo_Bianco_-_Gewaechshaus
Cutterin-Anwesen,Cutterin-Anwesen,https://hexer.fandom.com/wiki/Cutterin-Anwesen
Dalvik,Dalvik,https://hexer.fandom.com/wiki/Dalvik
Ddiddiwedht,Ddiddiwedht,https://hexer.fandom.com/wiki/Ddiddiwedht
Deireadh-Gefängnis,Deireadh-Gefaengnis,https://hexer.fandom.com/wiki/Deireadh-Gefaengnis
Delenfer-Pass,Delenfer-Pass,https://hexer.fandom.com/wiki/Delenfer-Pass
Denkmal des Propheten Majoran,Denkmal_des_Propheten_Majoran,https://hexer.fandom.com/wiki/Denkmal_des_Propheten_Majoran
Der Kahle Berg (Ort),Der_Kahle_Berg_(Ort),https://hexer.fandom.com/wiki/Der_Kahle_Berg_(Ort)
Die Gänsemöse,Die_Gaensemoese,https://hexer.fandom.com/wiki/Die_Gaensemoese
Doren-Alma-Anwesen,Doren-Alma-Anwesen,https://hexer.fandom.com/wiki/Doren-Alma-Anwesen
Dorf Mohrin,Dorf_Mohrin,https://hexer.fandom.com/wiki/Dorf_Mohrin
Dorf Weißgarten,Dorf_Weissgarten,https://hexer.fandom.com/wiki/Dorf_Weissgarten
Drachenmulde,Drachenmulde,https://hexer.fandom.com/wiki/Drachenmulde
Drachentötergrotte,Drachentoetergrotte,https://hexer.fandom.com/wiki/Drachentoetergrotte
Dreibergtor,Dreibergtor,https://hexer.fandom.com/wiki/Dreibergtor
Druidenkreis,Druidenkreis,https://hexer.fandom.com/wiki/Druidenkreis
Druidenlager,Druidenlager,https://hexer.fandom.com/wiki/Druidenlager
Duchaton-Gipfel,Duchaton-Gipfel,https://hexer.fandom.com/wiki/Duchaton-Gipfel
Dulcinea-Windmühle,Dulcinea-Windmuehle,https://hexer.fandom.com/wiki/Dulcinea-Windmuehle
Dulevant-Tor,Dulevant-Tor,https://hexer.fandom.com/wiki/Dulevant-Tor
Dun Tynne,Dun_Tynne,https://hexer.fandom.com/wiki/Dun_Tynne
Dunkelwald,Dunkelwald,https://hexer.fandom.com/wiki/Dunkelwald
Dupont & Söhne,Dupont_&_Soehne,https://hexer.fandom.com/wiki/Dupont_&_Soehne
Duén Hen,Duen_Hen,https://hexer.fandom.com/wiki/Duen_Hen
Ehrendorf,Ehrendorf,https://hexer.fandom.com/wiki/Ehrendorf
Einsame Hütte,Einsame_Huette,https://hexer.fandom.com/wiki/Einsame_Huette
Einsame Hütte (Velen),Einsame_Huette_(Velen),https://hexer.fandom.com/wiki/Einsame_Huette_(Velen)
Eisenmine,Eisenmine,https://hexer.fandom.com/wiki/Eisenmine
Eisige Höhen,Eisige_Hoehen,https://hexer.fandom.com/wiki/Eisige_Hoehen
Der Eisvogel,Der_Eisvogel,https://hexer.fandom.com/wiki/Der_Eisvogel
Elfenruinen,Elfenruinen,https://hexer.fandom.com/wiki/Elfenruinen
Elfenruinen beim Sturmsee,Elfenruinen_beim_Sturmsee,https://hexer.fandom.com/wiki/Elfenruinen_beim_Sturmsee
Elfenruinen nordwestlich von Kleinweg,Elfenruinen_nordwestlich_von_Kleinweg,https://hexer.fandom.com/wiki/Elfenruinen_nordwestlich_von_Kleinweg
Elfenruinen nordöstlich von Kleinweg,Elfenruinen_nordoestlich_von_Kleinweg,https://hexer.fandom.com/wiki/Elfenruinen_nordoestlich_von_Kleinweg
Elfenruinen südöstlich von Kleinweg,Elfenruinen_suedoestlich_von_Kleinweg,https://hexer.fandom.com/wiki/Elfenruinen_suedoestlich_von_Kleinweg
Epona-Platz,Epona-Platz,https://hexer.fandom.com/wiki/Epona-Platz
Erde,Erde,https://hexer.fandom.com/wiki/Erde
Erzdorf,Erzdorf,https://hexer.fandom.com/wiki/Erzdorf
Est Tayiar,Est_Tayiar,https://hexer.fandom.com/wiki/Est_Tayiar
Eulenaugengrotte,Eulenaugengrotte,https://hexer.fandom.com/wiki/Eulenaugengrotte
Fähranleger der Liebenden,Faehranleger_der_Liebenden,https://hexer.fandom.com/wiki/Faehranleger_der_Liebenden
Fährhaus,Faehrhaus,https://hexer.fandom.com/wiki/Faehrhaus
Fakultät für Angewandte Archäologie,Fakultaet_fuer_Angewandte_Archaeologie,https://hexer.fandom.com/wiki/Fakultaet_fuer_Angewandte_Archaeologie
Fakultät für Zeitgenössische Geschichte,Fakultaet_fuer_Zeitgenoessische_Geschichte,https://hexer.fandom.com/wiki/Fakultaet_fuer_Zeitgenoessische_Geschichte
Familienkrypta der von Everecs,Familienkrypta_der_von_Everecs,https://hexer.fandom.com/wiki/Familienkrypta_der_von_Everecs
Faroe,Faroe,https://hexer.fandom.com/wiki/Faroe
Fasanerie,Fasanerie,https://hexer.fandom.com/wiki/Fasanerie
Fassbindertor,Fassbindertor,https://hexer.fandom.com/wiki/Fassbindertor
Fayrlund,Fayrlund,https://hexer.fandom.com/wiki/Fayrlund
Felsen der Ertrunkenen,Felsen_der_Ertrunkenen,https://hexer.fandom.com/wiki/Felsen_der_Ertrunkenen
Ferneck,Ferneck,https://hexer.fandom.com/wiki/Ferneck
Festung Kaer Trolde,Festung_Kaer_Trolde,https://hexer.fandom.com/wiki/Festung_Kaer_Trolde
Festung von Lugos dem Irren,Festung_von_Lugos_dem_Irren,https://hexer.fandom.com/wiki/Festung_von_Lugos_dem_Irren
Feuerklippen,Feuerklippen,https://hexer.fandom.com/wiki/Feuerklippen
Feuersbrunsthafen,Feuersbrunsthafen,https://hexer.fandom.com/wiki/Feuersbrunsthafen
Filament-Fluss,Filament-Fluss,https://hexer.fandom.com/wiki/Filament-Fluss
Finstersenke,Finstersenke,https://hexer.fandom.com/wiki/Finstersenke
Fischmarkt,Fischmarkt,https://hexer.fandom.com/wiki/Fischmarkt
Fleischerei,Fleischerei,https://hexer.fandom.com/wiki/Fleischerei
Fliegender Hirsch,Fliegender_Hirsch,https://hexer.fandom.com/wiki/Fliegender_Hirsch
Flovive,Flovive,https://hexer.fandom.com/wiki/Flovive
Flüchtlingslager (Velen),Fluechtlingslager_(Velen),https://hexer.fandom.com/wiki/Fluechtlingslager_(Velen)
Foltests Burg,Foltests_Burg,https://hexer.fandom.com/wiki/Foltests_Burg
Fornhala,Fornhala,https://hexer.fandom.com/wiki/Fornhala
Fort Etnir,Fort_Etnir,https://hexer.fandom.com/wiki/Fort_Etnir
Fort Grymmdjarr,Fort_Grymmdjarr,https://hexer.fandom.com/wiki/Fort_Grymmdjarr
Fort Weißer Adler,Fort_Weisser_Adler,https://hexer.fandom.com/wiki/Fort_Weisser_Adler
Francollarts,Francollarts,https://hexer.fandom.com/wiki/Francollarts
Freinte-Docks,Freinte-Docks,https://hexer.fandom.com/wiki/Freinte-Docks
Freyas Garten,Freyas_Garten,https://hexer.fandom.com/wiki/Freyas_Garten
Friedhof von Lofoten,Friedhof_von_Lofoten,https://hexer.fandom.com/wiki/Friedhof_von_Lofoten
Friedhof von Schwarzzweig,Friedhof_von_Schwarzzweig,https://hexer.fandom.com/wiki/Friedhof_von_Schwarzzweig
Friedhof von Weißgarten,Friedhof_von_Weissgarten,https://hexer.fandom.com/wiki/Friedhof_von_Weissgarten
Frischlow,Frischlow,https://hexer.fandom.com/wiki/Frischlow
Fuchstal,Fuchstal,https://hexer.fandom.com/wiki/Fuchstal
Fuchswald,Fuchswald,https://hexer.fandom.com/wiki/Fuchswald
Furt,Furt,https://hexer.fandom.com/wiki/Furt
Futterplatz der Harpyien,Futterplatz_der_Harpyien,https://hexer.fandom.com/wiki/Futterplatz_der_Harpyien
Fyresdal,Fyresdal,https://hexer.fandom.com/wiki/Fyresdal
Galgengasse,Galgengasse,https://hexer.fandom.com/wiki/Galgengasse
Galgenhügel,Galgenhuegel,https://hexer.fandom.com/wiki/Galgenhuegel
Garin-Anwesen,Garin-Anwesen,https://hexer.fandom.com/wiki/Garin-Anwesen
Gedyneith,Gedyneith,https://hexer.fandom.com/wiki/Gedyneith
Gefängnis von Toussaint,Gefaengnis_von_Toussaint,https://hexer.fandom.com/wiki/Gefaengnis_von_Toussaint
Gélenser-Hof,Gelenser-Hof,https://hexer.fandom.com/wiki/Gelenser-Hof
Gildorf,Gildorf,https://hexer.fandom.com/wiki/Gildorf
"Die ""Glöcknerinnen"" von Beauclair",Die_Gloecknerinnen_von_Beauclair,https://hexer.fandom.com/wiki/Die_Gloecknerinnen_von_Beauclair
Glorienstraße,Glorienstrasse,https://hexer.fandom.com/wiki/Glorienstrasse
Gorgo-Ausläufer,Gorgo-Auslaeufer,https://hexer.fandom.com/wiki/Gorgo-Auslaeufer
Grab / Gruft,Grab__Gruft,https://hexer.fandom.com/wiki/Grab__Gruft
Grashügel,Grashuegel,https://hexer.fandom.com/wiki/Grashuegel
Graue Grotte,Graue_Grotte,https://hexer.fandom.com/wiki/Graue_Grotte
Graufels,Graufels,https://hexer.fandom.com/wiki/Graufels
Grenzposten,Grenzposten,https://hexer.fandom.com/wiki/Grenzposten
Grotte (Ard Skellig),Grotte_(Ard_Skellig),https://hexer.fandom.com/wiki/Grotte_(Ard_Skellig)
Grotte (Velen),Grotte_(Velen),https://hexer.fandom.com/wiki/Grotte_(Velen)
Grymmdjarr-Denkmal,Grymmdjarr-Denkmal,https://hexer.fandom.com/wiki/Grymmdjarr-Denkmal
Hafen,Hafen,https://hexer.fandom.com/wiki/Hafen
Hafen von Beauclair,Hafen_von_Beauclair,https://hexer.fandom.com/wiki/Hafen_von_Beauclair
Hafen von Holmstein,Hafen_von_Holmstein,https://hexer.fandom.com/wiki/Hafen_von_Holmstein
Hafen von Kaer Trolde,Hafen_von_Kaer_Trolde,https://hexer.fandom.com/wiki/Hafen_von_Kaer_Trolde
Hafen von Oxenfurt,Hafen_von_Oxenfurt,https://hexer.fandom.com/wiki/Hafen_von_Oxenfurt
Hafen von Urialla,Hafen_von_Urialla,https://hexer.fandom.com/wiki/Hafen_von_Urialla
Hafentor,Hafentor,https://hexer.fandom.com/wiki/Hafentor
Hafenviertel,Hafenviertel,https://hexer.fandom.com/wiki/Hafenviertel
Handelsposten,Handelsposten,https://hexer.fandom.com/wiki/Handelsposten
Harviken,Harviken,https://hexer.fandom.com/wiki/Harviken
Haus der Erholung,Haus_der_Erholung,https://hexer.fandom.com/wiki/Haus_der_Erholung
Hauteville,Hauteville,https://hexer.fandom.com/wiki/Hauteville
Heddel,Heddel,https://hexer.fandom.com/wiki/Heddel
Heidfelde,Heidfelde,https://hexer.fandom.com/wiki/Heidfelde
Hen Gàidh,Hen_Gaidh,https://hexer.fandom.com/wiki/Hen_Gaidh
Henris-Gras-Platz,Henris-Gras-Platz,https://hexer.fandom.com/wiki/Henris-Gras-Platz
Herberge Zur Roten Rute,Herberge_Zur_Roten_Rute,https://hexer.fandom.com/wiki/Herberge_Zur_Roten_Rute
Herzoglicher Kämmerer (Gebäude),Herzoglicher_Kaemmerer_(Gebaeude),https://hexer.fandom.com/wiki/Herzoglicher_Kaemmerer_(Gebaeude)
Herzogskrypta,Herzogskrypta,https://hexer.fandom.com/wiki/Herzogskrypta
Hindarsfjall,Hindarsfjall,https://hexer.fandom.com/wiki/Hindarsfjall
Hindwacht,Hindwacht,https://hexer.fandom.com/wiki/Hindwacht
Höhle,Hoehle,https://hexer.fandom.com/wiki/Hoehle
